NL-RETR	1	run1	barcode1	2	114	CC	rev	homopolymer	1	0.10989010989010989
NL-RETR	1	run1	barcode1	1	193	G	unk	complex	1	0.7147962830593281
NL-RETR	2	run2	barcode1	1	181	C	unk	complex	1	0.24390243902439024
NL-RKKR	1	run1	barcode2	9	134	TCTTTTTTT	rev	heteropolymer	1	0.10704345964461572
NL-RKKR	1	run1	barcode2	5	136	TTTTC	rev	heteropolymer	2	0.2139495079161318
NL-RKKR	1	run1	barcode2	5	134	TTTTC	unk	complex	1	0.10704345964461572
NL-RKKR	1	run1	barcode2	5	133	TTTTC	unk	complex	1	0.10708931248661384
NL-RKKR	1	run1	barcode2	4	136	TTTC	rev	heteropolymer	4	0.4278990158322636
NL-RKKR	1	run1	barcode2	4	134	TCTC	unk	complex	1	0.10704345964461572
NL-RKKR	1	run1	barcode2	4	134	TTTC	unk	complex	1	0.10704345964461572
NL-RKKR	1	run1	barcode2	3	136	TTC	rev	heteropolymer	23	2.4604193410355153
NL-RKKR	1	run1	barcode2	3	134	TTC	unk	complex	3	0.3211303789338471
NL-RKKR	1	run1	barcode2	3	123	TCC	fwd	heteropolymer	1	0.10715816545220745
NL-RKKR	1	run1	barcode2	2	136	TC	rev	heteropolymer	252	26.957637997432606
NL-RKKR	1	run1	barcode2	2	134	TT	rev	homopolymer	19	2.0338257332476988
NL-RKKR	1	run1	barcode2	2	127	CT	unk	complex	1	0.10715816545220745
NL-RKKR	1	run1	barcode2	1	134	T	rev	single-nucleotide	82	8.77756369085849
NL-RKKR	1	run1	barcode2	1	134	C	unk	complex	5	0.5352172982230785
NL-RKKR	2	run2	barcode2	4	134	TCTC	unk	complex	2	0.21865092380015305
NL-RKKR	2	run2	barcode2	4	136	TTTC	rev	heteropolymer	2	0.21850759313886156
NL-RKKR	2	run2	barcode2	4	134	TTTC	unk	complex	1	0.10932546190007653
NL-RKKR	2	run2	barcode2	3	136	TTC	rev	heteropolymer	49	5.353436031902108
NL-RKKR	2	run2	barcode2	3	134	TTT	rev	homopolymer	8	0.8746036952006122
NL-RKKR	2	run2	barcode2	3	134	TTC	unk	complex	3	0.3279763857002296
NL-RKKR	2	run2	barcode2	2	136	TC	rev	heteropolymer	286	31.246585818857206
NL-RKKR	2	run2	barcode2	2	134	TT	rev	homopolymer	31	3.3890893189023723
NL-RKKR	2	run2	barcode2	2	125	CT	fwd	heteropolymer	1	0.1093972213105787
NL-RKKR	2	run2	barcode2	1	134	T	rev	single-nucleotide	76	8.308735104405816
NL-RKKR	2	run2	barcode2	1	134	C	unk	complex	5	0.5466273095003826
NL-RKKR	2	run2	barcode2	1	127	C	fwd	single-nucleotide	1	0.109421162052741
NL-RKKR	2	run2	barcode2	1	122	G	fwd	single-nucleotide	1	0.10940919037199125
